Aardvarks,0.000498504
Abbots,0.000997009
Aces,0.001495513
Acorns,0.001994018
Admirals,0.002492522
Advancers,0.002991027
Adversaries,0.003489531
Aeros,0.003988036
Aggressors,0.00448654
Albacores,0.004985045
Albatross,0.005483549
Alerts,0.005982054
Aliens,0.006480558
Alley Cats,0.006979063
Alleycats,0.007477567
Alliance,0.007976072
Allies,0.008474576
Alligators,0.008973081
All-Stars,0.009471585
Alphas,0.00997009
Alpines,0.010468594
Altitude,0.010967099
Ambassadors,0.011465603
Amish,0.011964108
Anacondas,0.012462612
Angelfish,0.012961117
Angels,0.013459621
Anglers,0.013958126
Annihilation,0.01445663
Annihilators,0.014955135
Ant Eaters,0.015453639
Anteaters,0.015952144
Antelopes,0.016450648
Antlions,0.016949153
Ants,0.017447657
Apaches,0.017946162
Apes,0.018444666
Apostles,0.01894317
Apples,0.019441675
Archerfish,0.019940179
Archers,0.020438684
Argonaughts,0.020937188
Argonauts,0.021435693
Aristocrats,0.021934197
Armada,0.022432702
Armadillos,0.022931206
Armageddon,0.023429711
Arrowheads,0.023928215
Arrows,0.02442672
Arsenal,0.024925224
Artillery,0.025423729
A's,0.025922233
Ascenders,0.026420738
Assassins,0.026919242
Assault,0.027417747
Astronauts,0.027916251
Astros,0.028414756
Athletic Club,0.02891326
Athletics,0.029411765
Atlantics,0.029910269
Atomic Bombs,0.030408774
Atomics,0.030907278
Atoms,0.031405783
Attack,0.031904287
Attackers,0.032402792
Avalanche,0.032901296
Avengers,0.033399801
Aviators,0.033898305
Axemen,0.03439681
Aztecs,0.034895314
Baboons,0.035393819
Backburners,0.035892323
Backlash,0.036390828
Badgers,0.036889332
Bald Eagles,0.037387836
Bandicoots,0.037886341
Bandits,0.038384845
Banshees,0.03888335
Barbarians,0.039381854
Barnstormers,0.039880359
Barons,0.040378863
Barracudas,0.040877368
Barricades,0.041375872
Base Stealers,0.041874377
Baseball Club,0.042372881
Bashers,0.042871386
Batfish,0.04336989
Bats,0.043868395
Battalion,0.044366899
Battery,0.044865404
Battle,0.045363908
Battle Cats,0.045862413
Battlecats,0.046360917
Battle Wings,0.046859422
Battleaxes,0.047357926
Battlers,0.047856431
Battleships,0.048354935
Bay Bears,0.04885344
Bay Cats,0.049351944
Bay Hawks,0.049850449
Bayhawks,0.050348953
Bay Sharks,0.050847458
Baysharks,0.051345962
Bayonets,0.051844467
Bays,0.052342971
Bazookas,0.052841476
Beach Bums,0.05333998
Beachcombers,0.053838485
Beacons,0.054336989
Beagles,0.054835494
Bearcats,0.055333998
Bears,0.055832502
Beasts,0.056331007
Beat,0.056829511
Beatniks,0.057328016
Beavers,0.05782652
Beefeaters,0.058325025
Bees,0.058823529
Beetles,0.059322034
Behemoths,0.059820538
Bell,0.060319043
Bells,0.060817547
Belugas,0.061316052
Bengals,0.061814556
Berserkers,0.062313061
Besiegers,0.062811565
Betas,0.06331007
Bighorns,0.063808574
Bills,0.064307079
Bingoes,0.064805583
Birds,0.065304088
Biscuits,0.065802592
Bishops,0.066301097
Bison,0.066799601
Bisons,0.067298106
Black Aces,0.06779661
Black Bears,0.068295115
Blackbears,0.068793619
Black Birds,0.069292124
Blackbirds,0.069790628
Black Cats,0.070289133
Black Crows,0.070787637
Black Diamonds,0.071286142
Black Flies,0.071784646
Black Hawks,0.072283151
Blackhawks,0.072781655
Black Knights,0.07328016
Black Pirates,0.073778664
Black Snakes,0.074277168
Blacksnakes,0.074775673
Black Sox,0.075274177
Black Widows,0.075772682
Black Wolf,0.076271186
Blackjacks,0.076769691
Blacksmiths,0.077268195
Blades,0.0777667
Blankers,0.078265204
Blast,0.078763709
Blasters,0.079262213
Blaze,0.079760718
Blazers,0.080259222
Blindsiders,0.080757727
Blitz,0.081256231
Blizzard,0.081754736
Blizzards,0.08225324
Blockade,0.082751745
Blockbusters,0.083250249
Bloodhounds,0.083748754
Blowfish,0.084247258
Blue Birds,0.084745763
Bluebirds,0.085244267
Blue Bloods,0.085742772
Bluebloods,0.086241276
Blue Bombers,0.086739781
Blue Cats,0.087238285
Blue Claws,0.08773679
Blue Collars,0.088235294
Blue Demons,0.088733799
Blue Devils,0.089232303
Blue Hens,0.089730808
Blue Jackets,0.090229312
Bluejackets,0.090727817
Blue Jays,0.091226321
Bluejays,0.091724826
Blue Knights,0.09222333
Blue Marlins,0.092721834
Blue Meanies,0.093220339
Blue Oxen,0.093718843
Blue Raiders,0.094217348
Blue Rocks,0.094715852
Blue Sox,0.095214357
Blue Wings,0.095712861
Bluefins,0.096211366
Bluefish,0.09670987
Bluegills,0.097208375
Blues,0.097706879
Bluesmen,0.098205384
Bluffers,0.098703888
Blur,0.099202393
Boars,0.099700897
Boas,0.100199402
Bobcats,0.100697906
Bohemians,0.101196411
Boilermakers,0.101694915
Boilers,0.10219342
Boils,0.102691924
Boll Weevils,0.103190429
Bolts,0.103688933
Bombardiers,0.104187438
Bombers,0.104685942
Bonecutters,0.105184447
Boomerangs,0.105682951
Boomers,0.106181456
Boosters,0.10667996
Border Cats,0.107178465
Boulders,0.107676969
Bovines,0.108175474
Boxers,0.108673978
Brash,0.109172483
Brass,0.109670987
Bravery,0.110169492
Braves,0.110667996
Brawlers,0.1111665
Breakers,0.111665005
Breakmen,0.112163509
Breakouts,0.112662014
Brewers,0.113160518
Brewmasters,0.113659023
Brick Layers,0.114157527
Bricklayers,0.114656032
Bricks,0.115154536
Brigade,0.115653041
Brigades,0.116151545
Brigands,0.11665005
Brights,0.117148554
Brimstones,0.117647059
Broadsides,0.118145563
Broadswords,0.118644068
Bronchos,0.119142572
Broncos,0.119641077
Broncs,0.120139581
Brood,0.120638086
Brooks,0.12113659
Brown Sox,0.121635095
Browns,0.122133599
Bruins,0.122632104
Bruisers,0.123130608
Brutes,0.123629113
Buccaneers,0.124127617
Buckeyes,0.124626122
Bucks,0.125124626
Buckshots,0.125623131
Bucs,0.126121635
Buffaloes,0.12662014
Buffalos,0.127118644
Bugs,0.127617149
Bull Sharks,0.128115653
Bulldogs,0.128614158
Bulldozers,0.129112662
Bullets,0.129611167
Bullfighters,0.130109671
Bullfrogs,0.130608175
Bullies,0.13110668
Bulls,0.131605184
Bulwarks,0.132103689
Burn,0.132602193
Burners,0.133100698
Bushwhackers,0.133599202
Butterflies,0.134097707
Buzz,0.134596211
Buzz Saws,0.135094716
Buzzsaws,0.13559322
Buzzards,0.136091725
Buzzers,0.136590229
Cactuses,0.137088734
Caimans,0.137587238
Caymans,0.138085743
Camels,0.138584247
Canaries,0.139082752
Canines,0.139581256
Cannibals,0.140079761
Cannons,0.140578265
Canyons,0.14107677
Capitals,0.141575274
Capitols,0.142073779
Caps,0.142572283
Captains,0.143070788
Caracals,0.143569292
Caravan,0.144067797
Caravans,0.144566301
Caravels,0.145064806
Carbines,0.14556331
Cardinals,0.146061815
Cards,0.146560319
Caribous,0.147058824
Carnivores,0.147557328
Carpenters,0.148055833
Castles,0.148554337
Catamarans,0.149052841
Caterpillars,0.149551346
Catfish,0.15004985
Cats,0.150548355
Catsharks,0.151046859
Cattlemen,0.151545364
Cavaliers,0.152043868
Cavalry,0.152542373
Cavemen,0.153040877
Cavs,0.153539382
Cayugas,0.154037886
Cayuse,0.154536391
Cedars,0.155034895
Celestials,0.1555334
Celtics,0.156031904
Celts,0.156530409
Centaurs,0.157028913
Centennials,0.157527418
Centipedes,0.158025922
Centurions,0.158524427
Chain Saws,0.159022931
Chainsaws,0.159521436
Challenge,0.16001994
Challengers,0.160518445
Chameleons,0.161016949
Champions,0.161515454
Champs,0.162013958
Channel Cats,0.162512463
Chaos,0.163010967
Charge,0.163509472
Chargers,0.164007976
Chariots,0.164506481
Checkers,0.165004985
Cheetahs,0.16550349
Chemicals,0.166001994
Cherokees,0.166500499
Cheyenne,0.166999003
Chicks,0.167497507
Chiefs,0.167996012
Chill,0.168494516
Chimpanzees,0.168993021
Chimps,0.169491525
Chihuahuas,0.16999003
Choppers,0.170488534
Chuggers,0.170987039
Citadels,0.171485543
Citizens,0.171984048
City Hawks,0.172482552
Cityhawks,0.172981057
Civics,0.173479561
Clams,0.173978066
Clan,0.17447657
Clarions,0.174975075
Clash,0.175473579
Classics,0.175972084
Claws,0.176470588
Claymores,0.176969093
Clerics,0.177467597
Cliffhangers,0.177966102
Clippers,0.178464606
Clobberers,0.178963111
Cloudbursts,0.179461615
Cloverleafs,0.17996012
Cloverleaves,0.180458624
Coasters,0.180957129
Cobras,0.181455633
Cockatoos,0.181954138
Cockroaches,0.182452642
Colonels,0.182951147
Colonials,0.183449651
Colossals,0.183948156
Colossus,0.18444666
Colts,0.184945165
Comets,0.185443669
Commanches,0.185942173
Commanders,0.186440678
Commandos,0.186939182
Commissioners,0.187437687
Commodores,0.187936191
Comrades,0.188434696
Concordes,0.1889332
Condors,0.189431705
Conquest,0.189930209
Conquistadors,0.190428714
Constables,0.190927218
Constellation,0.191425723
Constellations,0.191924227
Constrictors,0.192422732
Continentals,0.192921236
Controllers,0.193419741
Convoy,0.193918245
Copper Kings,0.19441675
Copperheads,0.194915254
Coral Snakes,0.195413759
Corals,0.195912263
Cormorants,0.196410768
Corsairs,0.196909272
Corvettes,0.197407777
Cosmic,0.197906281
Cosmopolitans,0.198404786
Cosmos,0.19890329
Cossacks,0.199401795
Cotton Kings,0.199900299
Cottonmouths,0.200398804
Cougars,0.200897308
Counts,0.201395813
Courage,0.201894317
Courageous,0.202392822
Couriers,0.202891326
Cowboys,0.203389831
Coyotes,0.203888335
Crabbers,0.204386839
Crabs,0.204885344
Crackers,0.205383848
Cranes,0.205882353
Crawdads,0.206380857
Crawfish,0.206879362
Crawlers,0.207377866
Crayfish,0.207876371
Craze,0.208374875
Creatures,0.20887338
Crew,0.209371884
Crickets,0.209870389
Crimson,0.210368893
Crimsons,0.210867398
Crisis,0.211365902
Critters,0.211864407
Crocodiles,0.212362911
Crocs,0.212861416
Cropdusters,0.21335992
Crossbows,0.213858425
Crosscutters,0.214356929
Crossfire,0.214855434
Crowns,0.215353938
Crows,0.215852443
Cruisers,0.216350947
Crunch,0.216849452
Crusaders,0.217347956
Crush,0.217846461
Crushers,0.218344965
Cubs,0.21884347
Cuckoos,0.219341974
Current,0.219840479
Curve,0.220338983
Curveballs,0.220837488
Curves,0.221335992
Cutlasses,0.221834497
Cutters,0.222333001
Cutthroats,0.222831505
Cyber Rays,0.22333001
Cyclone,0.223828514
Cyclones,0.224327019
Cyclopes,0.224825523
Cyclops,0.225324028
Czars,0.225822532
Daggers,0.226321037
Damage,0.226819541
Damagers,0.227318046
Danger,0.22781655
Daredevils,0.228315055
Dark Siders,0.228813559
Darters,0.229312064
Darts,0.229810568
Daybreaks,0.230309073
Dazzle,0.230807577
Dazzlers,0.231306082
Deers,0.231804586
Defenders,0.232303091
Defiants,0.232801595
Delegates,0.2333001
Delta Rays,0.233798604
Demolishers,0.234297109
Demolition,0.234795613
Demons,0.235294118
Demoralizers,0.235792622
Deputies,0.236291127
Desert Dogs,0.236789631
Desperados,0.237288136
Destroyers,0.23778664
Destruction,0.238285145
Detectives,0.238783649
Deuces,0.239282154
Devastators,0.239780658
Devil Dogs,0.240279163
Devil Fish,0.240777667
Devilfish,0.241276171
Devil Rays,0.241774676
Devils,0.24227318
Dholes,0.242771685
Diablos,0.243270189
Diamond Cats,0.243768694
Diamond Dogs,0.244267198
Diamond Hawks,0.244765703
Diamondhawks,0.245264207
Diamondbacks,0.245762712
Diamondcutters,0.246261216
Diamondheads,0.246759721
Diamonds,0.247258225
Dicers,0.24775673
Dictators,0.248255234
Diehards,0.248753739
Diesels,0.249252243
Diggers,0.249750748
Dingers,0.250249252
Dingoes,0.250747757
Dinosaurs,0.251246261
Diplomats,0.251744766
Disaster,0.25224327
Disciples,0.252741775
Discoverers,0.253240279
Disruptors,0.253738784
Doctors,0.254237288
Dodgers,0.254735793
Dodos,0.255234297
Dogfight,0.255732802
Dogfighters,0.256231306
Dogfish,0.256729811
Dogs,0.257228315
Dolphins,0.25772682
Dominators,0.258225324
Donkeys,0.258723829
Doom,0.259222333
Doomsday,0.259720837
Doppelgängers,0.260219342
Doubledays,0.260717846
Doughboys,0.261216351
Doves,0.261714855
Dragonflies,0.26221336
Dragonflys,0.262711864
Dragons,0.263210369
Dragoons,0.263708873
Dragsters,0.264207378
Dreadnoughts,0.264705882
Dream,0.265204387
Dreamers,0.265702891
Drifters,0.266201396
Drillers,0.2666999
Drive,0.267198405
Drivers,0.267696909
Drummers,0.268195414
Ducks,0.268693918
Duellists,0.269192423
Dukes,0.269690927
Duluths,0.270189432
Dust Devils,0.270687936
Dustdevils,0.271186441
Dusters,0.271684945
Dynamite,0.27218345
Dynamo,0.272681954
Dynamos,0.273180459
Eagles,0.273678963
Earls,0.274177468
Earthquakes,0.274675972
Eclipse,0.275174477
Edge,0.275672981
Eels,0.276171486
Egrets,0.27666999
El Dorados,0.277168495
Electric Eels,0.277666999
Electrics,0.278165503
Elephants,0.278664008
Eliminators,0.279162512
Elite,0.279661017
Elks,0.280159521
Elms,0.280658026
Elves,0.28115653
Emeralds,0.281655035
Emissaries,0.282153539
Emperors,0.282652044
Empire,0.283150548
Empires,0.283649053
Emus,0.284147557
Enemies,0.284646062
Energy,0.285144566
Enforcers,0.285643071
Engineers,0.286141575
Engines,0.28664008
Ensigns,0.287138584
Envoys,0.287637089
Eradicators,0.288135593
Eruption,0.288634098
Eskimos,0.289132602
Evaders,0.289631107
Excelsiors,0.290129611
Exiles,0.290628116
Exorcists,0.29112662
Explorers,0.291625125
Explosion,0.292123629
Expos,0.292622134
Expositions,0.293120638
Express,0.293619143
Exterminators,0.294117647
Extreme,0.294616152
Falcons,0.295114656
Fangs,0.295613161
Fantastic,0.296111665
Fear,0.296610169
Federals,0.297108674
Felines,0.297607178
Felons,0.298105683
Ferrets,0.298604187
Fever,0.299102692
Field Hawks,0.299601196
Fieldhawks,0.300099701
Fielders,0.300598205
Fighters,0.30109671
Fighting Falcons,0.301595214
Finches,0.302093719
Fire,0.302592223
Fire Ants,0.303090728
Fireants,0.303589232
Firearms,0.304087737
Fireball,0.304586241
Firebirds,0.305084746
Firecats,0.30558325
Firecrackers,0.306081755
Firedogs,0.306580259
Firefighters,0.307078764
Fireflies,0.307577268
Fireflys,0.308075773
Firestorm,0.308574277
Firewalkers,0.309072782
Fisher Cats,0.309571286
Fishermen,0.310069791
Fishers,0.310568295
Fissures,0.3110668
Flame,0.311565304
Flames,0.312063809
Flamingos,0.312562313
Flangers,0.313060818
Flankers,0.313559322
Flash,0.314057827
Flattops,0.314556331
Fleas,0.315054835
Flickertails,0.31555334
Flyers,0.316051844
Fliers,0.316550349
Flies,0.317048853
Flight,0.317547358
Flock,0.318045862
Flotilla,0.318544367
Flying Dutchmen,0.319042871
Flying Tigers,0.319541376
Fog,0.32003988
Fog Devils,0.320538385
Force,0.321036889
Foresters,0.321535394
Fortresses,0.322033898
Fowls,0.322532403
Foxes,0.323030907
Foxhounds,0.323529412
Franchise,0.324027916
Freedom,0.324526421
Freeze,0.325024925
Frenzy,0.32552343
Friars,0.326021934
Frigates,0.326520439
Frogs,0.327018943
Frontier,0.327517448
Frontiers,0.328015952
Fugitives,0.328514457
Fulmars,0.329012961
Fur Traders,0.329511466
Furious,0.33000997
Furnace,0.330508475
Fury,0.331006979
Furys,0.331505484
Fusilade,0.332003988
Fusion,0.332502493
Gadgets,0.333000997
Galaxy,0.333499501
Gales,0.333998006
Galleons,0.33449651
Gamblers,0.334995015
Gamma Rays,0.335493519
Gangs,0.335992024
Gangsters,0.336490528
Gannets,0.336989033
Gappers,0.337487537
Gargoyles,0.337986042
Garrison,0.338484546
Gators,0.338983051
Gauntlet,0.339481555
Gauntlets,0.33998006
Gazelles,0.340478564
Gears,0.340977069
Geckos,0.341475573
Geese,0.341974078
Gems,0.342472582
Gemstones,0.342971087
Generals,0.343469591
Geysers,0.343968096
Ghost Riders,0.3444666
Ghostriders,0.344965105
Ghosts,0.345463609
Ghouls,0.345962114
Giants,0.346460618
Gibbons,0.346959123
Giraffes,0.347457627
Gizmos,0.347956132
Glaciers,0.348454636
Gladiators,0.348953141
Glory,0.349451645
Gnats,0.34995015
Gnomes,0.350448654
Goats,0.350947159
Goblins,0.351445663
Gold,0.351944167
Gold Bugs,0.352442672
Goldbugs,0.352941176
Gold Glovers,0.353439681
Gold Kings,0.353938185
Gold Miners,0.35443669
Gold Sox,0.354935194
Golden Bears,0.355433699
Golden Boys,0.355932203
Golden Cats,0.356430708
Golden Eagles,0.356929212
Golden Gators,0.357427717
Golden Giants,0.357926221
Golden Grizzlies,0.358424726
Golden Hawks,0.35892323
Golden Knights,0.359421735
Golden Lions,0.359920239
Golden Nuggets,0.360418744
Golden Panthers,0.360917248
Golden Seals,0.361415753
Golden Spikes,0.361914257
Goldeyes,0.362412762
Gophers,0.362911266
Gorillas,0.363409771
Goshawks,0.363908275
Gothams,0.36440678
Goths,0.364905284
Governors,0.365403789
Grapplers,0.365902293
Grasshoppers,0.366400798
Gravediggers,0.366899302
Gray Birds,0.367397807
Graybirds,0.367896311
Gray Sox,0.368394816
Grayhounds,0.36889332
Greyhounds,0.369391825
Graylings,0.369890329
Grays,0.370388833
Green Dragons,0.370887338
Green Jackets,0.371385842
Greenjackets,0.371884347
Green Sox,0.372382851
Greenfish,0.372881356
Greens,0.37337986
Gremlins,0.373878365
Grenades,0.374376869
Grenadiers,0.374875374
Grey Owls,0.375373878
Griffins,0.375872383
Grinders,0.376370887
Grizzlies,0.376869392
Groundhogs,0.377367896
Growlers,0.377866401
Guardians,0.378364905
Guerilla,0.37886341
Guerillas,0.379361914
Guides,0.379860419
Gulls,0.380358923
Gunboats,0.380857428
Gunners,0.381355932
Gunships,0.381854437
Gunslingers,0.382352941
Gyros,0.382851446
Hacksaws,0.38334995
Hailstorm,0.383848455
Halberds,0.384346959
Halos,0.384845464
Hammerheads,0.385343968
Hammers,0.385842473
Hangmen,0.386340977
Hares,0.386839482
Harpies,0.387337986
Harpoons,0.387836491
Harriers,0.388334995
Hatchetfish,0.3888335
Hatchets,0.389332004
Havoc,0.389830508
Hawkeyes,0.390329013
Hawkfish,0.390827517
Hawks,0.391326022
Hazards,0.391824526
Headhunters,0.392323031
Heat,0.392821535
Heaters,0.39332004
Hedgehogs,0.393818544
Heinsohns,0.394317049
Hellcats,0.394815553
Hellhounds,0.395314058
Hellions,0.395812562
Henchmen,0.396311067
Heroes,0.396809571
Herons,0.397308076
High Flyers,0.39780658
Highlanders,0.398305085
Hill Cats,0.398803589
Hillcats,0.399302094
Hillbillies,0.399800598
Hilltops,0.400299103
Hippies,0.400797607
Hippopotamuses,0.401296112
Hippos,0.401794616
Hitmen,0.402293121
Hitters,0.402791625
Hogs,0.40329013
Homesteads,0.403788634
Honey Bugs,0.404287139
Honeybees,0.404785643
Hoodlums,0.405284148
Hooks,0.405782652
Hooligans,0.406281157
Hopes,0.406779661
Hornets,0.407278166
Horsemen,0.40777667
Horses,0.408275174
Hot Rods,0.408773679
Hotshots,0.409272183
Hound Dogs,0.409770688
Hounds,0.410269192
Howitzers,0.410767697
Howlers,0.411266201
Hummingbirds,0.411764706
Hunchbacks,0.41226321
Huns,0.412761715
Hunters,0.413260219
Hurlers,0.413758724
Hurricane,0.414257228
Hurricanes,0.414755733
Huskies,0.415254237
Hussars,0.415752742
Hustlers,0.416251246
Hydras,0.416749751
Hyenas,0.417248255
Ibises,0.41774676
Ice Dogs,0.418245264
Ice Hawks,0.418743769
Icehawks,0.419242273
Icebergs,0.419740778
Icebreakers,0.420239282
Icecaps,0.420737787
Icecats,0.421236291
Iguanas,0.421734796
Immigrants,0.4222333
Immortals,0.422731805
Impact,0.423230309
Impalas,0.423728814
Imperials,0.424227318
Impulse,0.424725823
Incas,0.425224327
Incursion,0.425722832
Independants,0.426221336
Indians,0.42671984
Industrials,0.427218345
Infantry,0.427716849
Inferno,0.428215354
Inmates,0.428713858
Insects,0.429212363
Interceptors,0.429710867
Intimidators,0.430209372
Intrepid,0.430707876
Intruders,0.431206381
Invaders,0.431704885
Invasion,0.43220339
Investigators,0.432701894
Invincibles,0.433200399
Ions,0.433698903
Iron Birds,0.434197408
Iron Men,0.434695912
Ironmen,0.435194417
Ironclads,0.435692921
Ironsides,0.436191426
Iroquois,0.43668993
Islanders,0.437188435
Isotopes,0.437686939
Jackals,0.438185444
Jackets,0.438683948
Jackhammers,0.439182453
Jackrabbits,0.439680957
Jacks,0.440179462
Jades,0.440677966
Jaguars,0.441176471
Jailbreakers,0.441674975
Jammers,0.44217348
Javelins,0.442671984
Jawbreakers,0.443170489
Jaybirds,0.443668993
Jayhawks,0.444167498
Jays,0.444666002
Jazz,0.445164506
Jesters,0.445663011
Jet Hawks,0.446161515
Jethawks,0.44666002
Jets,0.447158524
Jewels,0.447657029
Jigsaws,0.448155533
Jockeys,0.448654038
Jokers,0.449152542
Jolt,0.449651047
Joy Riders,0.450149551
Joyriders,0.450648056
Judges,0.45114656
Juggernaut,0.451645065
Jupiters,0.452143569
Kamikazes,0.452642074
Kangaroos,0.453140578
Kernels,0.453639083
Kestrels,0.454137587
Keys,0.454636092
Keystones,0.455134596
Killer Bees,0.455633101
Killer Whales,0.456131605
Killers,0.45663011
Kingcobras,0.457128614
Kingfishers,0.457627119
Kings,0.458125623
Kiowas,0.458624128
Kites,0.459122632
Kittyhawks,0.459621137
Kiwis,0.460119641
Knickerbockers,0.460618146
Knighthawks,0.46111665
Knights,0.461615155
Knockouts,0.462113659
Koalas,0.462612164
Kodiaks,0.463110668
Komodo Dragons,0.463609172
Komodos,0.464107677
Ladybugs,0.464606181
Lakers,0.465104686
Lampreys,0.46560319
Lancers,0.466101695
Landlubbers,0.466600199
Landsharks,0.467098704
Landslide,0.467597208
Larks,0.468095713
Laser,0.468594217
Lasers,0.469092722
Lava,0.469591226
Law,0.470089731
Lawbreakers,0.470588235
Lawmakers,0.47108674
Lawmen,0.471585244
Leafhoppers,0.472083749
Leafs,0.472582253
Leathernecks,0.473080758
Leaves,0.473579262
Leeches,0.474077767
Legends,0.474576271
Legion,0.475074776
Legions,0.47557328
Legionaires,0.476071785
Lemmings,0.476570289
Lemurs,0.477068794
Leopards,0.477567298
Leprechauns,0.478065803
Leviathans,0.478564307
Liberators,0.479062812
Liberty,0.479561316
Lightning,0.480059821
Lightnings,0.480558325
Lions,0.48105683
Lizards,0.481555334
Llamas,0.482053838
Lobsters,0.482552343
Locomotion,0.483050847
Locomotives,0.483549352
Locusts,0.484047856
Loggers,0.484546361
Longbows,0.485044865
Longhorns,0.48554337
Lookouts,0.486041874
Loons,0.486540379
Lords,0.487038883
Lowriders,0.487537388
Loyalists,0.488035892
Lugnuts,0.488534397
Lumber Kings,0.489032901
Lumberkings,0.489531406
Lumberjacks,0.49002991
Lunatics,0.490528415
Lycanthropes,0.491026919
Lynx,0.491525424
Machine,0.492023928
Machines,0.492522433
Mad Dogs,0.493020937
Madcaps,0.493519442
Madhouse,0.494017946
Maelstrom,0.494516451
Magic,0.495014955
Magicians,0.49551346
Magistrates,0.496011964
Magnets,0.496510469
Magpies,0.497008973
Majestics,0.497507478
Majors,0.498005982
Malice,0.498504487
Mallards,0.499002991
Mallets,0.499501496
Mammoth,0.5
Mammoths,0.500498504
Manatees,0.500997009
Manglers,0.501495513
Maniacs,0.501994018
Manic,0.502492522
Manta Rays,0.502991027
Mantises,0.503489531
Maple Leafs,0.503988036
Maples,0.50448654
Marauders,0.504985045
Mariners,0.505483549
Marines,0.505982054
Marksmen,0.506480558
Marlins,0.506979063
Maroons,0.507477567
Marshals,0.507976072
Marsupials,0.508474576
Martians,0.508973081
Marvels,0.509471585
Mastodons,0.50997009
Matadors,0.510468594
Maulers,0.510967099
Mavericks,0.511465603
Mayhem,0.511964108
Mayors,0.512462612
Mechanics,0.512961117
Medusas,0.513459621
Menace,0.513958126
Mercenaries,0.51445663
Mercury,0.514955135
Merlins,0.515453639
Meteors,0.515952144
Metropolitans,0.516450648
Metros,0.516949153
Mets,0.517447657
Mice,0.517946162
Militia,0.518444666
Millers,0.51894317
Millionaires,0.519441675
Mills,0.519940179
Miners,0.520438684
Minions,0.520937188
Minotaurs,0.521435693
Minutemen,0.521934197
Miracle,0.522432702
Miracles,0.522931206
Misfits,0.523429711
Missiles,0.523928215
Mission,0.52442672
Missions,0.524925224
Missionaries,0.525423729
Mites,0.525922233
Mob,0.526420738
Moguls,0.526919242
Mohawks,0.527417747
Moles,0.527916251
Monarchs,0.528414756
Mongooses,0.52891326
Monitors,0.529411765
Monkeys,0.529910269
Monsoons,0.530408774
Monsters,0.530907278
Monumentals,0.531405783
Moose,0.531904287
Mooseheads,0.532402792
Mortars,0.532901296
Mosquitos,0.533399801
Moths,0.533898305
Motion,0.53439681
Motors,0.534895314
Moundbuilders,0.535393819
Mountain Ducks,0.535892323
Mountain Goats,0.536390828
Mountain Hawks,0.536889332
Mountain Lions,0.537387836
Mountaineers,0.537886341
Mounties,0.538384845
Muckdogs,0.53888335
Mud Cats,0.539381854
Mudcats,0.539880359
Mud Dogs,0.540378863
Muddogs,0.540877368
Mud Hens,0.541375872
Mudhens,0.541874377
Mud Sharks,0.542372881
Mudsharks,0.542871386
Mud Turtles,0.54336989
Mudbugs,0.543868395
Mudfish,0.544366899
Mules,0.544865404
Mummies,0.545363908
Music,0.545862413
Musketeers,0.546360917
Muskets,0.546859422
Muskies,0.547357926
Muskrats,0.547856431
Mustangs,0.548354935
Mutineers,0.54885344
Mutiny,0.549351944
Mutuals,0.549850449
Mystics,0.550348953
Nails,0.550847458
Napalm,0.551345962
Narwhals,0.551844467
Nationals,0.552342971
Nats,0.552841476
Naturals,0.55333998
Nauticals,0.553838485
Nautilus,0.554336989
Navahos,0.554835494
Navigators,0.555333998
Nebulas,0.555832502
Nemesis,0.556331007
Neons,0.556829511
Neptunes,0.557328016
New Order,0.55782652
Night Hawks,0.558325025
Nighthawks,0.558823529
Night Riders,0.559322034
Nightriders,0.559820538
Nightjars,0.560319043
Nightmare,0.560817547
Nightmares,0.561316052
Ninjas,0.561814556
Nitros,0.562313061
Nitrous,0.562811565
Nobles,0.56331007
Noise,0.563808574
Nomads,0.564307079
Norsemen,0.564805583
North Stars,0.565304088
Northern Knights,0.565802592
Nuggets,0.566301097
Nuts,0.566799601
Oaks,0.567298106
Oceans,0.56779661
Ocelots,0.568295115
Octopuses,0.568793619
Odyssey,0.569292124
Offenders,0.569790628
Officers,0.570289133
Ogres,0.570787637
Oilers,0.571286142
Old Timers,0.571784646
Olympics,0.572283151
Omen,0.572781655
Onslaught,0.57328016
Oppressors,0.573778664
Orangemen,0.574277168
Orangutans,0.574775673
Orbit,0.575274177
Orcas,0.575772682
Orioles,0.576271186
Orions,0.576769691
Ospreys,0.577268195
Ostriches,0.5777667
Otters,0.578265204
Outcasts,0.578763709
Outlaws,0.579262213
Outrage,0.579760718
Outriders,0.580259222
Outsiders,0.580757727
Overdrive,0.581256231
Overlords,0.581754736
Owls,0.58225324
Oysters,0.582751745
Pacers,0.583250249
Packers,0.583748754
Padres,0.584247258
Paints,0.584745763
Paladins,0.585244267
Palisades,0.585742772
Palms,0.586241276
Pandas,0.586739781
Panic,0.587238285
Panthers,0.58773679
Parasites,0.588235294
Paratroopers,0.588733799
Parliament,0.589232303
Parrots,0.589730808
Partisans,0.590229312
Partridges,0.590727817
Passion,0.591226321
Pastors,0.591724826
Pathfinders,0.59222333
Patriots,0.592721834
Patrol,0.593220339
Patrollers,0.593718843
Peaches,0.594217348
Peanuts,0.594715852
Pearls,0.595214357
Pelicans,0.595712861
Penguins,0.596211366
Peppers,0.59670987
Perfectos,0.597208375
Peril,0.597706879
Pests,0.598205384
Petrels,0.598703888
Phalanx,0.599202393
Phantoms,0.599700897
Pharaohs,0.600199402
Phillies,0.600697906
Phoenix,0.601196411
Pickaxes,0.601694915
Pickets,0.60219342
Pigeons,0.602691924
Pigs,0.603190429
Pikes,0.603688933
Pilgrims,0.604187438
Pillagers,0.604685942
Pilots,0.605184447
Pincers,0.605682951
Pines,0.606181456
Pinnacles,0.60667996
Pioneers,0.607178465
Pipers,0.607676969
Piranhas,0.608175474
Pirates,0.608673978
Pistols,0.609172483
Pistons,0.609670987
Pit Bulls,0.610169492
Pitbulls,0.610667996
Pit Vipers,0.6111665
Pixies,0.611665005
Plainsmen,0.612163509
Platoon,0.612662014
Plovers,0.613160518
Plunder,0.613659023
Plunderers,0.614157527
Plymouths,0.614656032
Poachers,0.615154536
Pointers,0.615653041
Poison,0.616151545
Polar Bears,0.61665005
Polecats,0.617148554
Polestars,0.617647059
Poltergeists,0.618145563
Ponies,0.618644068
Porcupines,0.619142572
Porpoises,0.619641077
Ports,0.620139581
Posse,0.620638086
Possums,0.62113659
Power,0.621635095
Powerhouse,0.622133599
Prairie Dogs,0.622632104
Prairie Hens,0.623130608
Prairie Thunder,0.623629113
Predators,0.624127617
Premiers,0.624626122
Pride,0.625124626
Priests,0.625623131
Princes,0.626121635
Prisoners,0.62662014
Privateers,0.627118644
Prodigy,0.627617149
Professionals,0.628115653
Proletarians,0.628614158
Proletariat,0.629112662
Prophets,0.629611167
Protectors,0.630109671
Provokers,0.630608175
Prowlers,0.63110668
Psychos,0.631605184
Pterodactyls,0.632103689
Puffins,0.632602193
Pugs,0.633100698
Pulverizers,0.633599202
Pumas,0.634097707
Pummellers,0.634596211
Punishers,0.635094716
Punks,0.63559322
Pursuers,0.636091725
Pursuit,0.636590229
Push,0.637088734
Pyramids,0.637587238
Pythons,0.638085743
Quails,0.638584247
Quakes,0.639082752
Quest,0.639581256
Quicksand,0.640079761
Quicksilvers,0.640578265
Quicksteps,0.64107677
Rabbits,0.641575274
Rabble,0.642073779
Raccoons,0.642572283
Racers,0.643070788
Racketeers,0.643569292
Radar,0.644067797
Radicals,0.644566301
Rafters,0.645064806
Rage,0.64556331
Raging Bulls,0.646061815
Raiders,0.646560319
Rail Cats,0.647058824
Railcats,0.647557328
Rail Hawks,0.648055833
Railhawks,0.648554337
Rail Kings,0.649052841
Railkings,0.649551346
Rail Raiders,0.65004985
Railroaders,0.650548355
Rails,0.651046859
Rainbows,0.651545364
Rainstorm,0.652043868
Ramblers,0.652542373
Ramjets,0.653040877
Rampage,0.653539382
Rampagers,0.654037886
Ramparts,0.654536391
Rams,0.655034895
Rancheros,0.6555334
Ranchers,0.656031904
Rangers,0.656530409
Ransackers,0.657028913
Rapids,0.657527418
Rapiers,0.658025922
Raptors,0.658524427
Rascals,0.659022931
Rats,0.659521436
Rattlers,0.66001994
Rattlesnakes,0.660518445
Ravagers,0.661016949
Ravens,0.661515454
Ravishers,0.662013958
Rawhides,0.662512463
Rays,0.663010967
Razorbacks,0.663509472
Razors,0.664007976
Reapers,0.664506481
Rebels,0.665004985
Recoil,0.66550349
Red Barons,0.666001994
Red Birds,0.666500499
Redbirds,0.666999003
Red Bulls,0.667497507
Red Caps,0.667996012
Redcaps,0.668494516
Red Devils,0.668993021
Red Dogs,0.669491525
Red Dragons,0.66999003
Red Hawks,0.670488534
Redhawks,0.670987039
Red Jackets,0.671485543
Redjackets,0.671984048
Red Knights,0.672482552
Red Raiders,0.672981057
Red Robins,0.673479561
Red Snappers,0.673978066
Red Sox,0.67447657
Red Warriors,0.674975075
Red Wings,0.675473579
Redcoats,0.675972084
Reds,0.676470588
Regal,0.676969093
Regents,0.677467597
Regiment,0.677966102
Reindeers,0.678464606
Renegades,0.678963111
Reprisals,0.679461615
Reptiles,0.67996012
Republic,0.680458624
Repulse,0.680957129
Resistance,0.681455633
Resolutes,0.681954138
Revenants,0.682452642
Revenge,0.682951147
Revolt,0.683449651
Revolution,0.683948156
Revolvers,0.68444666
Rhinoceroses,0.684945165
Rhinos,0.685443669
Rhythm,0.685942173
Ricochets,0.686440678
Riders,0.686939182
Riflemen,0.687437687
Rifles,0.687936191
Ringers,0.688434696
Riot,0.6889332
Rioters,0.689431705
Rippers,0.689930209
Ripsaws,0.690428714
Riptide,0.690927218
Riptides,0.691425723
River Bandits,0.691924227
River Bats,0.692422732
Riverbats,0.692921236
River Cats,0.693419741
Rivercats,0.693918245
River Dogs,0.69441675
River Dragons,0.694915254
River Frogs,0.695413759
Riverfrogs,0.695912263
River Hawks,0.696410768
Riverhawks,0.696909272
River Hounds,0.697407777
Riverhounds,0.697906281
River Kings,0.698404786
Riverkings,0.69890329
River Otters,0.699401795
River Pirates,0.699900299
River Rats,0.700398804
River Sharks,0.700897308
Riversharks,0.701395813
River Snipes,0.701894317
Road Runners,0.702392822
Roadrunners,0.702891326
Road Warriors,0.703389831
Roadsters,0.703888335
Roamers,0.704386839
Robbers,0.704885344
Robins,0.705383848
Robots,0.705882353
Rock,0.706380857
Rocks,0.706879362
Rock Cats,0.707377866
Rockers,0.707876371
Rocketeers,0.708374875
Rockets,0.70887338
Rockhounds,0.709371884
Rockies,0.709870389
Rodents,0.710368893
Rogues,0.710867398
Roosters,0.711365902
Rottweilers,0.711864407
Rough Riders,0.712362911
Roughriders,0.712861416
Roughnecks,0.71335992
Rovers,0.713858425
Rowdies,0.714356929
Royals,0.714855434
Rubies,0.715353938
Ruffians,0.715852443
Rumble,0.716350947
Rumblers,0.716849452
Runners,0.717347956
Rush,0.717846461
Rustlers,0.718344965
Sabersaws,0.71884347
Sabotage,0.719341974
Saboteurs,0.719840479
Sabrecats,0.720338983
Sabres,0.720837488
Sabre-Tooth Cats,0.721335992
Sailboats,0.721834497
Sailfish,0.722333001
Sailors,0.722831505
Sails,0.72333001
Saints,0.723828514
Salamanders,0.724327019
Salmons,0.724825523
Saloons,0.725324028
Salvo,0.725822532
Salvoes,0.726321037
Samurai,0.726819541
Sand Crabs,0.727318046
Sand Dragons,0.72781655
Sand Gnats,0.728315055
Sandcrabs,0.728813559
Sandhogs,0.729312064
Sandpipers,0.729810568
Sandtigers,0.730309073
Sapphires,0.730807577
Satellite,0.731306082
Satellites,0.731804586
Saturns,0.732303091
Savages,0.732801595
Sawfish,0.7333001
Saws,0.733798604
Scandals,0.734297109
Scarabs,0.734795613
Scarecrows,0.735294118
Scarlets,0.735792622
Scavengers,0.736291127
Scholars,0.736789631
Schooners,0.737288136
Scimitars,0.73778664
Scorchers,0.738285145
Scorpionfish,0.738783649
Scorpions,0.739282154
Scoundrels,0.739780658
Scouts,0.740279163
Scramblers,0.740777667
Scrappers,0.741276171
Scream,0.741774676
Screamers,0.74227318
Screaming Eagles,0.742771685
Scroungers,0.743270189
Scythes,0.743768694
Sea Devils,0.744267198
Sea Dogs,0.744765703
Sea Dragons,0.745264207
Sea Eagles,0.745762712
Sea Gulls,0.746261216
Seagulls,0.746759721
Sea Hawks,0.747258225
Seahawks,0.74775673
Sea Horses,0.748255234
Sea Lions,0.748753739
Sea Monsters,0.749252243
Sea Serpents,0.749750748
Sea Wolves,0.750249252
Seawolves,0.750747757
Seabirds,0.751246261
Seafarers,0.751744766
Seals,0.75224327
Seamonsters,0.752741775
Searchers,0.753240279
Selects,0.753738784
Seminoles,0.754237288
Senators,0.754735793
Sentinels,0.755234297
Sentries,0.755732802
Sergeants,0.756231306
Serpents,0.756729811
Servals,0.757228315
Settlers,0.75772682
Shadows,0.758225324
Shamrocks,0.758723829
Sharks,0.759222333
Sharpshooters,0.759720837
Shearwaters,0.760219342
Sheepdogs,0.760717846
Shepherds,0.761216351
Sheriffs,0.761714855
Shield,0.76221336
Shipwrecks,0.762711864
Shock,0.763210369
Shockers,0.763708873
Shockwave,0.764207378
Shoguns,0.764705882
Shooters,0.765204387
Shooting Stars,0.765702891
Shootout,0.766201396
Shorebirds,0.7666999
Showboats,0.767198405
Showstoppers,0.767696909
Shrapnels,0.768195414
Shrews,0.768693918
Shriek,0.769192423
Shrikes,0.769690927
Shrimpers,0.770189432
Sidearms,0.770687936
Sidekicks,0.771186441
Sidewinders,0.771684945
Siege,0.77218345
Silencers,0.772681954
Silver,0.773180459
Silver Hawks,0.773678963
Silverhawks,0.774177468
Silver Sox,0.774675972
Silverbacks,0.775174477
Silversides,0.775672981
Sinisters,0.776171486
Sinks,0.77666999
Sioux,0.777168495
Sirens,0.777666999
Sixshooters,0.778165503
Sizzle,0.778664008
Skeeters,0.779162512
Skeletons,0.779661017
Skipjacks,0.780159521
Skippers,0.780658026
Skirmish,0.78115653
Skirmishers,0.781655035
Skuas,0.782153539
Skulls,0.782652044
Skunks,0.783150548
Sky,0.783649053
Sky Chiefs,0.784147557
Skychiefs,0.784646062
Sky Sox,0.785144566
Sky Warriors,0.785643071
Skywarriors,0.786141575
Skybirds,0.78664008
Sky Hawks,0.787138584
Skyhawks,0.787637089
Sky Knights,0.788135593
Skyknights,0.788634098
Skylarks,0.789132602
Skyline,0.789631107
Skyliners,0.790129611
Skylines,0.790628116
Sky Raiders,0.79112662
Skyraiders,0.791625125
Skyrays,0.792123629
Skyrockets,0.792622134
Skyscrapers,0.793120638
Slam,0.793619143
Slammers,0.794117647
Slashers,0.794616152
Slayers,0.795114656
Sliders,0.795613161
Sloops,0.796111665
Sluggers,0.796610169
Smash,0.797108674
Smashers,0.797607178
Smoke,0.798105683
Smoking Guns,0.798604187
Snakes,0.799102692
Snappers,0.799601196
Snarl,0.800099701
Snarlers,0.800598205
Snipers,0.80109671
Snipes,0.801595214
Snowstorm,0.802093719
Soar,0.802592223
Sojourners,0.803090728
Solars,0.803589232
Soldiers,0.804087737
Songbirds,0.804586241
Sonics,0.805084746
Sooners,0.80558325
Sorcerers,0.806081755
Sounders,0.806580259
Sounds,0.807078764
Sovereigns,0.807577268
Spadefish,0.808075773
Spades,0.808574277
Sparks,0.809072782
Sparrowhawks,0.809571286
Sparrows,0.810069791
Spartans,0.810568295
Spearfish,0.8110668
Spearheads,0.811565304
Spearmen,0.812063809
Spears,0.812562313
Spectres,0.813060818
Speed,0.813559322
Speed Demons,0.814057827
Speeders,0.814556331
Speedsters,0.815054835
Spiders,0.81555334
Spikers,0.816051844
Spikes,0.816550349
Spin Doctors,0.817048853
Spinners,0.817547358
Spirit,0.818045862
Spirits,0.818544367
Spitfires,0.819042871
Sports,0.819541376
Springers,0.82003988
Sprites,0.820538385
Spurs,0.821036889
Squadron,0.821535394
Squalls,0.822033898
Squids,0.822532403
Squires,0.823030907
Squirrels,0.823529412
Stags,0.824027916
Stalkers,0.824526421
Stallions,0.825024925
Stampede,0.82552343
Stampeders,0.826021934
Starfighters,0.826520439
Starfires,0.827018943
Starfish,0.827517448
Starlings,0.828015952
Stars,0.828514457
Stealers,0.829012961
Stealth,0.829511466
Steam,0.83000997
Steamboats,0.830508475
Steamers,0.831006979
Steamrollers,0.831505484
Steamships,0.832003988
Steamwheelers,0.832502493
Steeds,0.833000997
Steel,0.833499501
Steel Dogs,0.833998006
Steeldogs,0.83449651
Steel Hawks,0.834995015
Steelhawks,0.835493519
Steel Hounds,0.835992024
Steelhounds,0.836490528
Steelers,0.836989033
Steelheads,0.837487537
Steers,0.837986042
Stellars,0.838484546
Sting,0.838983051
Sting Rays,0.839481555
Stingrays,0.83998006
Stingers,0.840478564
Stogies,0.840977069
Stompers,0.841475573
Storks,0.841974078
Storm,0.842472582
Strafers,0.842971087
Strength,0.843469591
Striders,0.843968096
Strike,0.8444666
Strikers,0.844965105
Stripes,0.845463609
Sturgeons,0.845962114
Submarines,0.846460618
Sugar Kings,0.846959123
Sultans,0.847457627
Summit,0.847956132
Sun,0.848454636
Sun Caps,0.848953141
Sun Devils,0.849451645
Sun Dodgers,0.84995015
Sun Kings,0.850448654
Sun Sox,0.850947159
Sunbeams,0.851445663
Sunbirds,0.851944167
Sundogs,0.852442672
Sunfish,0.852941176
Sunrays,0.853439681
Sunrise,0.853938185
Suns,0.85443669
Sunset,0.854935194
Sunsets,0.855433699
Sunshine,0.855932203
Super Sonics,0.856430708
Supersonics,0.856929212
Superbas,0.857427717
Superchargers,0.857926221
Superheroes,0.858424726
Superiors,0.85892323
Supernovas,0.859421735
Superstars,0.859920239
Surf,0.860418744
Surf Dogs,0.860917248
Surfers,0.861415753
Surge,0.861914257
Surgeons,0.862412762
Surveyors,0.862911266
Swallows,0.863409771
Swamp Angels,0.863908275
Swamp Dragons,0.86440678
Swamp Foxes,0.864905284
Swans,0.865403789
Swarm,0.865902293
Swashbucklers,0.866400798
Swifts,0.866899302
Swing,0.867397807
Switchblades,0.867896311
Sword Swallowers,0.868394816
Swordfish,0.86889332
Swords,0.869391825
Swordsmen,0.869890329
Sycamores,0.870388833
Talons,0.870887338
Tamarins,0.871385842
Tanks,0.871884347
Tapirs,0.872382851
Tarantulas,0.872881356
Tarpons,0.87337986
Tartans,0.873878365
T-Birds,0.874376869
Tempest,0.874875374
Tempests,0.875373878
Tentacles,0.875872383
Terminators,0.876370887
Termites,0.876869392
Terns,0.877367896
Terrapins,0.877866401
Terriers,0.878364905
Terror,0.87886341
Terrors,0.879361914
Thieves,0.879860419
Thrashers,0.880358923
Threshers,0.880857428
Thrill,0.881355932
Thrushes,0.881854437
Thrust,0.882352941
Thunder,0.882851446
Thunder Hawks,0.88334995
Thunderhawks,0.883848455
Thunder Jets,0.884346959
Thunderjets,0.884845464
Thunder Wolves,0.885343968
Thunderwolves,0.885842473
Thunderbears,0.886340977
Thunderbirds,0.886839482
Thunderbolts,0.887337986
Thunderchiefs,0.887836491
Thunderclouds,0.888334995
Thunderheads,0.8888335
Thunderstorm,0.889332004
Tidal Waves,0.889830508
Tides,0.890329013
Tiger Sharks,0.890827517
Tigersharks,0.891326022
Tiger-Cats,0.891824526
Tigercats,0.892323031
Tigers,0.892821535
Timber Hawks,0.89332004
Timberhawks,0.893818544
Timber Rattlers,0.894317049
Timberjacks,0.894815553
Timbers,0.895314058
Timberwolves,0.895812562
Titanics,0.896311067
Titans,0.896809571
Toads,0.897308076
Tomahawks,0.89780658
Tombstones,0.898305085
Tomcats,0.898803589
Toreadors,0.899302094
Torment,0.899800598
Tormenters,0.900299103
Tornado,0.900797607
Tornadoes,0.901296112
Toros,0.901794616
Torpedoes,0.902293121
Tortoises,0.902791625
Toucans,0.90329013
Tourists,0.903788634
Towers,0.904287139
Tracers,0.904785643
Trackers,0.905284148
Tractors,0.905782652
Traders,0.906281157
Trail Blazers,0.906779661
Trailblazers,0.907278166
Train,0.90777667
Tramplers,0.908275174
Trappers,0.908773679
Travelers,0.909272183
Trawlers,0.909770688
Tremors,0.910269192
Trespassers,0.910767697
T-Rex,0.911266201
Tribe,0.911764706
Tribunes,0.91226321
Tricksters,0.912761715
Tridents,0.913260219
Triplets,0.913758724
Tritons,0.914257228
Triumph,0.914755733
Trojans,0.915254237
Trolls,0.915752742
Troopers,0.916251246
Trouncers,0.916749751
Trouts,0.917248255
Truckers,0.91774676
Tsunami,0.918245264
Tugs,0.918743769
Tumult,0.919242273
Tunas,0.919740778
Tundra,0.920239282
Turbines,0.920737787
Turbo,0.921236291
Turbos,0.921734796
Turbojets,0.9222333
Turmoil,0.922731805
Turtles,0.923230309
Twins,0.923728814
Twisters,0.924227318
Tycoons,0.924725823
Typhoon,0.925224327
Typhoons,0.925722832
Tyrannosaurs,0.926221336
Ultimates,0.92671984
Ultras,0.927218345
Underdogs,0.927716849
Undertakers,0.928215354
Unforgiven,0.928713858
Unicorns,0.929212363
Union,0.929710867
Unions,0.930209372
United,0.930707876
Universe,0.931206381
Untouchables,0.931704885
Uproar,0.93220339
Urbans,0.932701894
Valiants,0.933200399
Valkries,0.933698903
Valley Cats,0.934197408
Valleycats,0.934695912
Vampires,0.935194417
Vandals,0.935692921
Vanguards,0.936191426
Vanquishers,0.93668993
Velociraptors,0.937188435
Velocity,0.937686939
Vendetta,0.938185444
Vendettas,0.938683948
Venom,0.939182453
Venturas,0.939680957
Venturers,0.940179462
Ventures,0.940677966
Veterans,0.941176471
Viceroys,0.941674975
Vicious,0.94217348
Victorians,0.942671984
Victors,0.943170489
Victory,0.943668993
Vigilantes,0.944167498
Vikings,0.944666002
Villains,0.945164506
Vindicators,0.945663011
Vipers,0.946161515
Vision,0.94666002
Volcanoes,0.947158524
Volcanos,0.947657029
Voltage,0.948155533
Volts,0.948654038
Volunteers,0.949152542
Voodoo,0.949651047
Voyagers,0.950149551
Voyageurs,0.950648056
Vulcans,0.95114656
Vultures,0.951645065
Walkers,0.952143569
Wallabies,0.952642074
Wallbangers,0.953140578
Walleyes,0.953639083
Walnuts,0.954137587
Walruses,0.954636092
Wanderers,0.955134596
War,0.955633101
War Dogs,0.956131605
Wardogs,0.95663011
War Lords,0.957128614
Warlords,0.957627119
Wardens,0.958125623
Warhawks,0.958624128
Warhorses,0.959122632
Warlocks,0.959621137
Warplanes,0.960119641
Warriors,0.960618146
Warships,0.96111665
Warspites,0.961615155
Wart Hogs,0.962113659
Warthogs,0.962612164
Wasps,0.963110668
Watchdogs,0.963609172
Waves,0.964107677
Wayfarers,0.964606181
Weasels,0.965104686
Weavers,0.96560319
Web,0.966101695
Weevils,0.966600199
Werewolves,0.967098704
Whalers,0.967597208
Whales,0.968095713
Whammers,0.968594217
Wheat Kings,0.969092722
Wheelers,0.969591226
Wheels,0.970089731
Whips,0.970588235
Whipsaws,0.97108674
Whirlwinds,0.971585244
White Caps,0.972083749
Whitecaps,0.972582253
White Hawks,0.973080758
Whitehawks,0.973579262
White Sox,0.974077767
White Wings,0.974576271
Whitewings,0.975074776
Whitefish,0.97557328
Whites,0.976071785
Widgets,0.976570289
Widowmakers,0.977068794
Wild,0.977567298
Wild Cats,0.978065803
Wildcats,0.978564307
Wild Things,0.979062812
Wildfire,0.979561316
Wildfires,0.980059821
Windjammers,0.980558325
Winds,0.98105683
Windstorm,0.981555334
Windsurfers,0.982053838
Wings,0.982552343
Winter Hawks,0.983050847
Winterhawks,0.983549352
Witches,0.984047856
Wizards,0.984546361
Wolf Pack,0.985044865
Wolfpack,0.98554337
Wolfhounds,0.986041874
Wolverines,0.986540379
Wolves,0.987038883
Wombats,0.987537388
Wonders,0.988035892
Woodcutters,0.988534397
Woodpeckers,0.989032901
Workers,0.989531406
Worms,0.99002991
Wraiths,0.990528415
Wranglers,0.991026919
Wrath,0.991525424
Wreckers,0.992023928
Wrens,0.992522433
Yachts,0.993020937
Yaks,0.993519442
Yankees,0.994017946
Yellow Jackets,0.994516451
Yellowjackets,0.995014955
Yellows,0.99551346
Yeomen,0.996011964
Yeti,0.996510469
Zebras,0.997008973
Zeniths,0.997507478
Zephyrs,0.998005982
Zeppelins,0.998504487
Zodiac,0.999002991
Zombies,0.999501496
Zoom,1
